HIP,赤経時,赤経分,赤経秒,赤緯度,赤緯分,赤緯秒,視等級,年周視差,赤経方向固有運動,赤緯方向固有運動,B-V色指数,V-I色指数,スペクトル分類
677,0,8,23.17,29,5,27,2.07,33.6,135.68,-162.95,-0.038,-0.1,B9p
746,0,9,10.09,59,9,0.8,2.28,59.89,523.39,-180.42,0.38,0.4,F2III-IV
765,0,9,24.54,-45,44,49.2,3.88,23.28,122.15,-180.13,1.013,1,K0III
1067,0,13,14.15,15,11,1,2.83,9.79,4.7,-8.24,-0.19,-0.22,B2IV
1562,0,19,25.68,-8,49,25.8,3.56,11.26,-14.37,-37.84,1.214,1.13,K2III
1599,0,20,1.91,-64,52,39.4,4.23,116.38,1707.56,1165.36,0.576,0.65,F9V
1645,0,20,35.86,8,11,24.9,5.38,8.26,-4.5,9.59,1.343,1.28,K3III
2021,0,25,39.2,-77,15,18.1,2.82,133.78,2220.12,324.37,0.618,0.68,G2IV
2072,0,26,12.12,-43,40,47.7,3.93,42.51,106.14,32.83,0.175,0.2,A7V
2081,0,26,16.87,-42,18,18.4,2.4,42.14,232.76,-353.64,1.083,1.11,K0III...
2484,0,31,32.56,-62,57,29.1,4.36,23.35,82.48,-54.37,-0.064,-0.02,B9V
3092,0,39,19.6,30,51,40.4,3.27,32.19,115.38,-83.05,1.268,1.23,K3III...
3179,0,40,30.39,56,32,14.7,2.24,14.27,50.36,-32.17,1.17,1.13,K0II-IIIvar
3419,0,43,35.23,-17,59,12.1,2.04,34.04,232.79,32.71,1.019,1,K0III
3760,0,48,17.34,7,17,59.7,5.92,4.93,111.61,3.41,1.104,1.07,G8III
3881,0,49,48.83,41,4,44.2,4.53,4.8,22.68,-18.05,-0.136,-0.14,B5V SB
4427,0,56,42.5,60,43,0.3,2.15,5.32,25.65,-3.82,-0.046,-0.02,B0IV:evar
4436,0,56,45.1,38,29,57.3,3.86,23.93,152.78,36.82,0.13,0.14,A5V
4577,0,58,36.35,-29,21,26.9,4.3,4.85,22.44,6.3,-0.154,-0.12,B7IIIp
4889,1,2,49.09,31,48,15.6,5.5,7.87,15.53,-30.38,-0.043,-0.02,B9.5V
4906,1,2,56.66,7,53,24.3,4.27,17.14,-80.57,25.88,0.952,0.98,K0III
5165,1,6,5.11,-46,43,6.6,3.32,16.46,-70.16,31.6,0.885,0.9,G8IIIvar
5348,1,8,23.06,-55,14,45,3.94,11.66,21.17,29.7,-0.12,-0.08,B6V + B0V
5364,1,8,35.26,-10,10,54.9,3.46,27.73,215.81,-138.33,1.161,1.11,K2III
5447,1,9,43.8,35,37,15,2.07,16.36,175.59,-112.23,1.576,1.74,M0IIIvar
5742,1,13,44.94,24,35,1.6,4.67,8.64,18.58,-21.26,1.047,1.02,K0III...
6193,1,19,27.98,27,15,50.7,4.74,10.49,26.21,-11.62,0.032,0.1,A3V
6537,1,24,1.45,-8,10,57.9,3.6,28.48,-78.38,-206.88,1.065,1.05,K0III
6686,1,25,48.6,60,14,7.5,2.66,32.81,297.24,-49.49,0.16,0.19,A5Vv SB
6867,1,28,21.94,-43,19,3.8,3.41,13.94,-18.21,-207.71,1.542,1.73,K5II-III
7007,1,30,10.94,6,8,38.2,4.84,9.05,293.23,-46.36,1.372,1.42,K4III
7083,1,31,14.98,-49,4,23.1,3.93,22.15,138.22,154.2,0.972,1,K0III-IV
7097,1,31,28.99,15,20,45,3.62,11.09,25.73,-3.29,0.974,0.94,G8III
7588,1,37,42.75,-57,14,12,0.45,22.68,88.02,-40.08,-0.158,-0.17,B3Vp
7884,1,41,25.91,5,29,15.4,4.45,8.86,-22.73,3.61,1.347,1.37,K3III
8102,1,44,5.13,-15,56,22.4,3.49,274.17,-1721.82,854.07,0.727,0.82,G8V
8198,1,45,23.59,9,9,27.5,4.26,12.63,70.82,38.99,0.942,0.93,K0III
8645,1,51,27.61,-10,20,5.8,3.74,12.59,38.78,-38.04,1.136,1.07,K2III
8796,1,53,4.9,29,34,45.8,3.42,50.87,12.02,-233.69,0.488,0.55,F6IV
8832,1,53,31.77,19,17,38.7,3.88,15.96,79.43,-99.1,-0.047,-0.03,A1p Si
8833,1,53,33.34,3,11,14.9,4.61,17.11,23.69,23.9,0.928,0.93,K0III SB
8837,1,53,38.82,-46,18,8.8,4.39,10.15,-92.38,-91.46,1.597,2.49,M4III SB
8886,1,54,23.68,63,40,12.5,3.35,7.38,31.98,-18.66,-0.15,-0.12,B2pvar
8903,1,54,38.35,20,48,29.9,2.64,54.74,96.32,-108.8,0.165,0.18,A5V...
9007,1,55,56.83,-51,36,34.5,3.69,57.19,681.24,284.23,0.844,0.9,G5IV
9236,1,58,45.87,-61,34,11.7,2.86,45.74,262.54,26.88,0.29,0.34,F0V
9487,2,2,2.8,2,45,49.5,3.82,23.45,33.29,-0.42,0.024,0.05,A2
9640,2,3,53.92,42,19,47.5,2.1,9.19,43.08,-50.85,1.37,1.37,B8V
9884,2,7,10.29,23,27,46,2.01,49.48,190.73,-145.77,1.151,1.13,K2III
10064,2,9,32.52,34,59,14.6,3,26.24,148.78,-39.13,0.14,0.17,A5III
10324,2,13,0.01,8,50,48.3,4.36,9.01,-26.23,-14.4,0.878,0.9,G8II:
10559,2,15,56.3,33,21,32.3,5.25,11.13,-14.86,-33.25,-0.004,0.02,A0V
10602,2,16,30.5,-51,30,43.6,3.56,21.06,90.75,-21.9,-0.12,-0.11,B8IV-V
10826,2,19,20.79,-2,58,37.4,6.47,7.79,10.33,-239.48,0.966,5.71,M5e-M9e
11001,2,21,45.02,-68,39,33.9,4.08,24.1,-50.07,2.38,0.034,0.04,A3V
11345,2,25,57.01,-12,17,25.6,4.88,6.17,-11.71,-11.37,-0.027,-0.01,A0V
11407,2,26,59.1,-47,42,13.8,4.24,6.17,19.97,-5.44,-0.136,-0.11,B5IV
11484,2,28,9.52,8,27,36.3,4.3,18.53,41.72,-14.46,-0.053,-0.06,B9III
11767,2,31,47.08,89,15,50.9,1.97,7.56,44.22,-11.74,0.636,0.7,F7:Ib-IIv SB
11783,2,32,5.28,-15,14,39.6,4.74,38.73,-80.92,-146.84,0.454,0.55,F5V
12093,2,35,52.49,5,35,35.9,4.87,8.77,-28.89,-22.76,0.88,0.89,G8III
12387,2,39,28.95,0,19,42.7,4.08,5.04,14.44,-2.53,-0.212,-0.22,B2IV
12390,2,39,33.73,-11,52,17.7,4.83,36.99,172.01,-236.31,0.447,0.53,F5V
12394,2,39,35.22,-68,16,1,4.12,21.27,87.4,0.56,-0.061,-0.07,B9III
12413,2,39,47.92,-42,53,29.9,4.74,25.15,92.11,-15.07,0.061,0.09,A2V
12484,2,40,39.58,-54,32,59.7,5.21,20.49,32.76,5.24,0.411,0.48,F4IV
12486,2,40,39.93,-39,51,19.1,4.11,22.42,135.17,-27.34,1.006,1.05,K0III
12706,2,43,18.12,3,14,10.2,3.47,39.78,-146.43,-145.27,0.093,0.1,A3V
12770,2,44,7.35,-13,51,31.2,4.24,7.4,-7.58,-8.4,-0.122,-0.11,B7IV
12828,2,44,56.37,10,6,51.2,4.27,38.71,285.17,-30.4,0.311,0.37,F1III-IV
12843,2,45,5.98,-18,34,21.5,4.47,71.56,330.93,36.28,0.481,0.54,F5/F6V
13147,2,49,5.36,-32,24,22.6,4.45,19.31,86.96,158.96,0.981,1,G8III
13209,2,49,58.99,27,15,38.8,3.61,20.45,65.47,-116.59,-0.1,-0.08,B8Vn
13254,2,50,34.91,38,19,8.1,4.22,25.54,195.68,-108.92,0.343,0.41,F2III
13268,2,50,41.79,55,53,43.9,3.77,2.45,16.64,-13.76,1.69,1.64,K3Ib comp SB
13701,2,56,25.6,-8,53,51.4,3.89,24.49,77.73,-219.99,1.088,1.08,K1III-IV
13847,2,58,15.72,-40,18,17,2.88,20.22,-53.53,25.71,0.128,0.17,A4III+...
13954,2,59,42.9,8,54,26.6,4.71,7.69,9.22,-14.92,-0.109,-0.09,B6III
14135,3,2,16.78,4,5,23.7,2.54,14.82,-11.81,-78.76,1.63,1.97,M2III
14146,3,2,23.59,-23,37,27.6,4.08,37.85,-145.96,-55.76,0.163,0.18,A4V
14240,3,3,36.9,-59,44,15.4,5.12,23.67,-72.81,-63.89,0.349,0.41,F0IV
14328,3,4,47.79,53,30,23.2,2.91,12.72,0.5,-4.19,0.716,0.77,G8III+...
14354,3,5,10.5,38,50,25.9,3.32,10.03,128.69,-106.61,1.528,2.76,M3IIIvar
14576,3,8,10.13,40,57,20.3,2.09,35.14,2.39,-1.44,-0.003,0.02,B8V
14879,3,12,4.28,-28,59,20.8,3.8,70.86,371.49,612.26,0.543,0.63,F8V
15197,3,15,50.03,-8,49,11.4,4.8,27.18,-3.82,45.52,0.232,0.28,A5m
15474,3,19,30.97,-21,45,28.6,3.7,12.63,51.35,32.2,1.614,2.42,M3/M4III
15510,3,19,53.22,-43,4,17.6,4.26,165.02,3038.08,726.34,0.711,0.79,G8V
15863,3,24,19.35,49,51,40.5,1.79,5.51,24.11,-26.01,0.481,0.63,F5Ib
15900,3,24,48.84,9,1,44.6,3.61,15.42,-74.25,-80.31,0.887,0.9,G8III
16228,3,29,4.13,59,56,25.2,4.21,0.76,-0.82,-1.85,0.419,0.58,B9Ia
16537,3,32,56.42,-9,27,29.9,3.72,310.75,-976.44,17.97,0.881,0.94,K2V
16611,3,33,47.25,-21,37,58.1,4.26,11.02,44.91,-27.47,-0.106,-0.09,B9V
17358,3,42,55.48,47,47,15.6,3.01,6.18,23.83,-41.93,-0.125,-0.07,B5III SB
17378,3,43,14.96,-9,45,54.7,3.52,110.58,-91.71,742.23,0.915,0.94,K0IV
17440,3,44,11.55,-64,48,25.5,3.84,32.71,308.39,78.72,1.133,1.11,K0IV SB
17448,3,44,19.13,32,17,17.8,3.84,2.21,8.11,-10.32,0.022,0.12,B1III
17651,3,46,50.99,-23,14,54.4,4.22,55.79,-159.86,-528.54,0.434,0.51,F3/F5V
17678,3,47,14.23,-74,14,21.3,3.26,15.23,51.07,115.27,1.59,1.94,M2III
17797,3,48,35.82,-37,37,12.5,4.3,20.23,75.83,-10.69,-0.038,-0.02,A+...
17847,3,49,9.73,24,3,12.7,3.62,8.57,17.77,-44.7,-0.07,-0.03,B8III
17874,3,49,27.28,-36,12,0.4,4.17,15.54,-49.42,-56.63,0.927,0.92,G8III
17959,3,50,21.48,71,19,56.5,4.59,9.73,18.27,-42,0.064,0.13,A2IVn
18246,3,54,7.92,31,53,1.2,2.84,3.32,4.41,-9.15,0.271,0.18,B1Ib
18505,3,57,25.44,63,4,20.1,4.95,9.65,7.58,6.01,-0.074,-0.01,B9.5V
18532,3,57,51.22,40,0,37,2.9,6.06,12.61,-24.06,-0.199,-0.19,B0.5V
18597,3,58,44.74,-61,24,0.5,4.56,6.15,9.79,-14.39,1.59,1.85,M2III
18614,3,58,57.9,35,47,27.7,3.98,1.84,1.92,2.3,0.016,0.16,O7.5Iab:
18724,4,0,40.82,12,29,25.4,3.41,8.81,-8.15,-11.98,-0.099,-0.08,B3V + A
19747,4,14,0.08,-42,17,37.9,3.85,27.85,41.89,-203.65,1.085,1.09,K1III
19780,4,14,25.43,-62,28,26.3,3.33,19.98,41.64,49.72,0.915,0.91,G7III
19893,4,16,1.49,-51,29,13.5,4.26,49.26,100.57,184.23,0.312,0.37,F4III
19921,4,16,29.08,-59,18,6.3,4.44,54.84,-47.99,-167.81,1.078,1.05,K2IV
20042,4,17,53.62,-33,47,54,3.55,18.27,62.31,-6.75,-0.108,-0.09,B9V
20205,4,19,47.53,15,37,39.7,3.65,21.17,115.29,-23.86,0.981,0.95,G8III
20455,4,22,56.03,17,32,33.3,3.77,21.29,107.75,-28.84,0.983,0.93,G8III
20535,4,24,2.17,-34,1,1.2,3.97,11.95,73.77,57.57,1.468,1.53,K4III
20648,4,25,29.32,17,55,40.8,4.3,22.05,108.26,-32.47,0.049,0.08,A2IV
20889,4,28,36.93,19,10,49.9,3.53,21.04,107.23,-36.77,1.014,1.04,K0III
20894,4,28,39.67,15,52,15.4,3.4,21.89,108.66,-26.39,0.179,0.21,A7III
21060,4,30,50.1,-44,57,13.5,5.07,4.59,2.44,-2.48,-0.194,-0.2,B2IV-V
21281,4,33,59.72,-55,2,42,3.3,18.56,58.06,12.73,-0.079,-0.08,A0V:
21393,4,35,33.07,-30,33,44.3,3.81,15.62,-48.92,-12.75,0.957,0.93,G8III
21421,4,35,55.2,16,30,35.1,0.87,50.09,62.78,-189.36,1.538,1.67,K5III
21444,4,36,19.14,-3,21,8.8,3.93,5.56,1.73,-4.54,-0.21,-0.2,B2III SB
21594,4,38,10.87,-14,18,12.9,3.86,29.84,-77.86,-178.06,1.082,1.09,K1III
21770,4,40,33.82,-41,51,48.9,4.44,49.67,-141.18,-74.95,0.342,0.4,F2V
21861,4,42,3.45,-37,8,41.2,5.04,36.16,46.9,193.14,0.391,0.46,F3V
21881,4,42,14.7,22,57,25.1,4.27,8.14,-2.84,-20.33,-0.112,-0.1,B3V
21949,4,43,3.95,-70,55,52,5.53,6.75,9.3,34.77,-0.114,-0.1,B9IV
22109,4,45,30.14,-3,15,16.6,4.01,6.13,17.27,-13.51,-0.148,-0.13,B5IV
22449,4,49,50.14,6,57,40.5,3.19,124.6,463.44,11.62,0.484,0.53,F6V
22509,4,50,36.72,8,54,0.9,4.35,16.84,-0.87,-31.57,0.01,0.04,A1Vn
22549,4,51,12.37,5,36,18.4,3.68,2.59,-3.62,1.03,-0.157,-0.16,B2III SB
22701,4,52,53.68,-5,27,9.9,4.36,14.39,-18.01,25.03,0.257,0.33,A9IV
22730,4,53,22.76,2,30,29.8,5.33,5.11,29.67,-16.4,1.632,2.05,M1III
22783,4,54,3.01,66,20,33.6,4.26,0.47,0.49,7.31,-0.008,0.09,O9.5Ia SB:
22845,4,54,53.7,10,9,4.1,4.64,27.04,40.08,-128.37,0.085,0.11,A0V
23015,4,56,59.62,33,9,58.1,2.69,6.37,3.63,-18.54,1.49,1.46,K3IIvar
23123,4,58,32.9,1,42,50.5,4.47,3.42,-1.59,-7.93,1.369,1.32,K2IIvar
23453,5,2,28.68,41,4,33.2,3.69,4.14,8.88,-21.43,1.154,1.12,K4II comp
23685,5,5,27.65,-22,22,15.1,3.19,14.39,19.27,-72.35,1.46,1.5,K4III
23875,5,7,51.03,-5,5,10.5,2.78,36.71,-83.39,-75.44,0.161,0.16,A3IIIvar
23972,5,9,8.78,-8,45,14.7,4.25,1.86,0,-2.01,-0.187,-0.16,B2IVn
24244,5,12,17.89,-11,52,8.9,4.45,13.53,24.95,-31.22,-0.099,-0.08,B8V
24305,5,12,55.87,-16,12,19.5,3.29,17.69,45.66,-16.13,-0.11,-0.09,B9IV: HgMn
24327,5,13,13.89,-12,56,28.6,4.36,5.83,-12.22,-1.32,-0.094,-0.07,B7V
24436,5,14,32.27,-8,12,5.9,0.18,4.22,1.87,-0.56,-0.03,0.03,B8Ia
24608,5,16,41.3,45,59,56.5,0.08,77.29,75.52,-427.13,0.795,0.83,M1: comp
24845,5,19,34.53,-13,10,36.4,4.29,3.03,-2.49,-4.74,-0.235,-0.26,B0.5IV
24873,5,19,59.03,-12,18,56.2,5.29,9.83,-12.12,7.97,-0.104,-0.09,B7/B8V
25110,5,22,33.78,79,13,50.7,5.08,47.66,-78.6,161.13,0.506,0.58,F6V
25336,5,25,7.87,6,20,59,1.64,13.42,-8.75,-13.28,-0.224,-0.22,B2III
25428,5,26,17.5,28,36,28.3,1.65,24.89,23.28,-174.22,-0.13,-0.09,B7III
25606,5,28,14.73,-20,45,33.2,2.81,20.49,-5.03,-85.92,0.807,0.86,G5II
25859,5,31,12.74,-35,28,13.6,3.86,11.77,28.36,-34.11,1.13,1.09,K1II/III
25918,5,31,52.66,-76,20,30,5.18,32.43,143.2,287.75,1.13,1.11,K4III
25930,5,32,0.4,0,17,56.7,2.25,3.56,1.67,0.56,-0.175,-0.21,O9.5II
25985,5,32,43.81,-17,49,20.3,2.58,2.54,3.27,1.54,0.211,0.32,F0Ib
26069,5,33,37.52,-62,29,23.5,3.76,3.14,1.06,12.56,0.64,0.69,F6Ia
26207,5,35,8.28,9,56,3,3.39,3.09,-1.03,-1.86,-0.16,-0.13,O...
26311,5,36,12.81,-1,12,6.9,1.69,2.43,1.49,-1.06,-0.184,-0.16,B0Ia
26451,5,37,38.68,21,8,33.3,2.97,7.82,2.39,-18.04,-0.148,-0.15,B4IIIp
26634,5,39,38.94,-34,4,26.6,2.65,12.16,-0.1,-24.05,-0.12,-0.07,B7IV
26727,5,40,45.52,-1,56,33.3,1.74,3.99,3.99,2.54,-0.199,-0.18,O9.5Ib SB
27072,5,44,27.97,-22,26,51,3.59,111.49,-292.42,-368.45,0.481,0.57,F7V
27100,5,44,46.42,-65,44,7.9,4.34,22.48,-28.38,6.12,0.217,0.27,A7V
27288,5,46,57.35,-14,49,19,3.55,46.47,-14.84,-1.18,0.104,0.11,A2Vann
27321,5,47,17.08,-51,4,0.2,3.85,51.87,4.65,81.96,0.171,0.18,A3V
27366,5,47,45.39,-9,40,10.6,2.07,4.52,1.55,-1.2,-0.168,-0.14,B0.5Iavar
27530,5,49,49.58,-56,9,59.4,4.5,18.78,81.61,-71.77,1.075,1.06,K1III
27628,5,50,57.55,-35,46,9.5,3.12,37.94,55.74,404.68,1.146,1.1,K1.5III
27654,5,51,19.15,-20,52,39,3.76,29.05,228.96,-647.96,0.984,1.05,G8III/IV
27890,5,54,5.9,-63,5,27.7,4.65,36.67,120.11,573.43,1.022,1.03,K1III/IV
27913,5,54,23.08,20,16,35.1,4.39,115.43,-163.17,-98.92,0.594,0.66,G0V
27989,5,55,10.29,7,24,25.3,0.45,7.63,27.33,10.86,1.5,2.32,M2Ib
28103,5,56,24.32,-14,10,4.9,3.71,66.47,-42.23,139.02,0.337,0.39,F1V
28199,5,57,32.21,-35,16,59.9,4.36,3.82,-2.65,11.19,-0.165,-0.16,B2.5IV
28328,5,59,8.79,-42,48,54.4,3.96,6.14,18.53,-11.45,1.146,1.06,K0III
28360,5,59,31.77,44,56,50.8,1.9,39.72,-56.41,-0.88,0.077,0.05,A2V
28380,5,59,43.24,37,12,46,2.65,18.83,42.09,-73.61,-0.083,-0.06,A0p Si
28614,6,2,22.99,9,38,50.5,4.12,21.49,14.19,-37.44,0.17,0.19,Am...
28691,6,3,27.36,19,41,26.2,5.14,3.05,9.81,-20.29,-0.097,-0.08,B8V
28734,6,4,7.22,23,15,49.1,4.16,21.64,-2.6,-119.72,0.835,0.88,G7III
28910,6,6,9.33,-14,56,7,4.67,19.14,-16.87,13.16,0.046,0.04,A0V
29038,6,7,34.32,14,46,6.7,4.42,6.1,4.95,-21.18,-0.164,-0.17,B3IV
29151,6,8,57.9,2,29,59,5.7,5.35,-1.75,-14.17,0.067,0.08,A3Vn
29426,6,11,56.4,14,12,31.7,4.45,5.14,-1.59,-20.23,-0.18,-0.16,B3IV
29651,6,14,51.34,-6,16,29,3.99,5.06,-6.18,-20.06,1.319,1.27,K3III
29655,6,14,52.7,22,30,24.6,3.31,9.34,-62.53,-10.24,1.6,2.7,M3III
29807,6,16,33.14,-35,8,26.6,4.37,17.83,0.39,87.58,0.978,0.94,G8II
30060,6,19,37.39,59,0,39.3,4.44,21.88,-3.51,24.43,0.032,0.05,A2Vs
30122,6,20,18.79,-30,3,48.2,3.02,9.7,8,3.81,-0.16,-0.2,B2.5V
30277,6,22,6.85,-33,26,10.6,3.85,13.75,-24.19,-52.48,0.858,0.88,G7II
30324,6,22,41.99,-17,57,21.3,1.98,6.53,-3.45,-0.47,-0.24,-0.24,B1II/III
30343,6,22,57.59,22,30,49.9,2.87,14.07,56.84,-108.79,1.621,2.3,M3IIIvar
30419,6,23,46.1,4,35,34.2,4.39,25.39,-20.88,10.75,0.215,0.25,A5IV
30438,6,23,57.09,-52,41,44.6,-0.62,10.43,19.99,23.67,0.164,0.23,F0Ib
30867,6,28,49.07,-7,1,59,3.76,4.72,-7,-4.97,-0.113,-0.11,B3Ve
30883,6,28,57.79,20,12,43.8,4.13,6.49,-5.98,-14.08,-0.115,-0.1,B6III
31416,6,35,3.38,-22,57,53.4,4.54,7.92,13.11,16.52,-0.035,-0.01,A0III
31592,6,36,41,-19,15,20.6,3.95,50.41,62.32,-69.91,1.037,1.02,K1III+...
31681,6,37,42.7,16,23,57.9,1.93,31.12,-2.04,-66.92,0.001,0.04,A0IV
31685,6,37,45.67,-43,11,45.3,3.17,7.71,-0.43,-3.99,-0.103,-0.07,B8III SB
32246,6,43,55.93,25,7,52.2,3.06,3.61,-5.93,-12.81,1.377,1.22,A3mA6-A9
32349,6,45,9.25,-16,42,47.3,-1.44,379.21,-546.01,-1223.08,0.009,-0.02,A0m...
32362,6,45,17.43,12,53,45.8,3.35,57.02,-115.16,-190.91,0.443,0.48,F5IV
32607,6,48,11.54,-61,56,31.1,3.24,32.96,-68.39,242.03,0.225,0.28,A7IV
32759,6,49,50.47,-32,30,30.6,3.5,4.13,-9.18,4.04,-0.116,-0.1,B1.5IVne
32768,6,49,56.14,-50,36,51.8,2.94,17.85,34.23,-65.85,1.207,1.14,K0III...
33018,6,52,47.34,33,57,40.9,3.6,16.59,-2.66,-47.67,0.102,0.14,A3III
33160,6,54,11.48,-12,2,18.9,4.08,12.94,-139.04,-14.47,1.418,1.49,K4III
33165,6,54,13.05,-23,55,42.1,6.65,1.74,-3.86,4.75,-0.056,-0.03,WN5 (SB1)
33347,6,56,8.23,-17,3,15.3,4.36,1.06,-2.46,1.91,-0.063,0.01,B3Ib/II
33449,6,57,16.6,58,25,23,4.35,19.14,6.58,-123.53,0.85,0.85,G5III-IV
33579,6,58,37.55,-28,58,19.5,1.5,7.57,2.63,2.29,-0.211,-0.2,B2II
33856,7,1,43.15,-27,56,5.4,3.49,2.68,-6.01,4.64,1.729,1.82,K4III
33977,7,3,1.47,-23,49,59.9,3.02,1.27,-1.56,4.28,-0.077,-0.03,B3Ia
34045,7,3,45.49,-15,37,59.7,4.11,8.11,-0.81,-11.2,-0.112,-0.09,B8II
34088,7,4,6.54,20,34,13.1,4.01,2.79,-5.72,-0.96,0.899,0.9,G3Ibv SB
34444,7,8,23.49,-26,23,35.5,1.83,1.82,-2.75,3.33,0.671,0.67,F8Ia
34481,7,8,44.82,-70,29,57.1,3.78,23.02,23.71,108.06,1.006,0.94,G8IIIvar
34693,7,11,8.39,30,14,43,4.41,10.81,-31,-48.4,1.261,1.25,K2III
34769,7,11,51.86,0,29,34,4.15,8.7,-0.22,6.68,-0.005,0.02,A2V
35037,7,14,48.66,-26,46,21.7,4.01,3.53,-11.5,7.67,-0.15,-0.08,B2IV/Ve
35228,7,16,49.83,-67,57,25.8,3.97,4.94,-4.11,8.5,0.76,0.78,F6II
35264,7,17,8.56,-37,5,51,2.71,2.98,-10.57,7,1.616,1.65,K3Ib
35350,7,18,5.61,16,32,25.7,3.58,34.59,-46.09,-37.9,0.106,0.12,A3V...
35550,7,20,7.39,21,58,56.4,3.5,55.45,-18.72,-7.76,0.374,0.44,F0IV...
35904,7,24,5.71,-29,18,11.2,2.45,1.02,-3.76,6.66,-0.083,0.01,B5Ia
36046,7,25,43.68,27,47,53.8,3.78,25.9,-121.28,-84.43,1.024,1.01,G9III+...
36145,7,26,42.86,49,12,41.9,4.61,13.11,-10.79,-48.57,-0.001,0.02,A1V
36188,7,27,9.07,8,17,21.9,2.89,19.16,-50.28,-38.45,-0.097,-0.07,B8Vvar
36377,7,29,13.88,-43,18,6.8,3.25,17.74,-59.86,188.73,1.509,1.54,K5III SB
36850,7,34,36,31,53,19.1,1.58,63.27,-206.33,-148.18,0.034,0.05,A2Vm
36962,7,35,55.37,26,53,45.6,4.06,13.57,-39.58,-108.08,1.54,1.66,K5III
37279,7,39,18.54,5,13,39,0.4,285.93,-716.57,-1034.58,0.432,0.49,F5IV-V
37447,7,41,14.88,-9,33,3.9,3.94,22.61,-74.8,-19.64,1.022,1.01,K0III
37504,7,41,49.2,-72,36,22.1,3.93,24.36,33.38,15.29,1.033,1.02,K0III
37740,7,44,26.87,24,23,53.3,3.57,22.73,-22.45,-56.24,0.932,0.9,G8III
37826,7,45,19.36,28,1,34.7,1.16,96.74,-625.69,-45.95,0.991,0.97,K0IIIvar
38146,7,49,1.7,-24,54,44.1,5.32,10.16,-34.68,14.71,0.751,0.79,G2
39429,8,3,35.07,-40,0,11.5,2.21,2.33,-30.82,16.77,-0.269,-0.22,O5IAf
39757,8,7,32.7,-24,18,16,2.83,51.99,-83.29,46.38,0.458,0.42,F2mF5IIp
39794,8,7,55.84,-68,37,1.7,4.35,5.08,-29.88,30.58,-0.113,-0.1,B6IV
39863,8,8,35.66,-2,59,1.6,4.36,1.76,-16.79,-3.89,0.97,0.92,G2Ib
39953,8,9,31.96,-47,20,11.8,1.75,3.88,-5.93,9.9,-0.145,-0.14,WC8 + O9I
40526,8,16,30.95,9,11,8.4,3.53,11.23,-46.8,-48.65,1.481,1.47,K4III
40702,8,18,31.27,-76,55,11.9,4.05,51.4,109.84,106.92,0.413,0.49,F5III
40843,8,20,3.87,27,13,7,5.13,55.17,-18.38,-376.26,0.487,0.56,F6V
41037,8,22,30.86,-59,30,34.3,1.86,5.16,-25.34,22.72,1.196,1.16,K3III+B2V
41075,8,22,50.13,43,11,18.1,4.25,8.39,-25.62,-99.44,1.55,1.61,K5III
41312,8,25,44.25,-66,8,11.5,3.77,30.21,-35.83,-152.15,1.132,1.1,K2IIIvar
41704,8,30,16.03,60,43,6.4,3.35,17.76,-134.31,-107.73,0.856,0.87,G4II-III
42313,8,37,39.41,5,42,13.7,4.14,18.21,-70.27,-6.99,0.003,0.02,A1Vnn
42402,8,38,45.45,3,20,29.3,4.45,9.25,-19.03,-16.29,1.216,1.12,K2III
42515,8,40,6.14,-35,18,29.9,3.97,8.4,9.68,-21.18,0.936,0.91,G5II/III
42536,8,40,17.61,-52,55,19.1,3.6,6.59,-24.62,35.09,-0.168,-0.16,B3IV
42568,8,40,37.04,-59,45,39.7,4.31,2.31,-6.87,4.92,-0.117,-0.08,B1.5III
42799,8,43,13.49,3,23,55.2,4.3,6.99,-19.14,-1.29,-0.192,-0.2,B3V...
42806,8,43,17.21,21,28,6.9,4.66,20.58,-106.94,-39.25,0.01,0.03,A1IV
42828,8,43,35.55,-33,11,11.1,3.68,3.86,-14.28,10.6,-0.18,-0.17,B1.5III
42911,8,44,41.11,18,9,17.5,3.94,23.97,-17.1,-228.46,1.083,1.01,K0III
42913,8,44,42.2,-54,42,30.8,1.93,40.9,28.78,-104.14,0.043,0.05,A1V
43103,8,46,41.83,28,45,36,4.03,10.94,-20.69,-43.95,1.007,0.96,G8Iab:
43109,8,46,46.65,6,25,8.1,3.38,24.13,-231.04,-40.17,0.685,0.78,G0III-IV
43234,8,48,25.98,5,50,16.4,4.35,9.67,-17.51,-29.79,-0.044,-0.03,A0Vn
43409,8,50,32.01,-27,42,36.2,4.02,15.63,-133.49,88.16,1.272,1.24,K3III
43813,8,55,23.68,5,56,43.9,3.11,21.64,-99.76,14.65,0.978,0.96,G8III-IV
44066,8,58,29.2,11,51,28,4.26,18.79,41.45,-29.22,0.141,0.14,A5m
44127,8,59,12.84,48,2,32.5,3.12,68.32,-441.12,-215.21,0.223,0.25,A7IV
44248,9,0,38.75,41,47,0.4,3.96,60.86,-487.67,-219.29,0.463,0.53,F5V
44382,9,2,26.8,-66,23,45,4,26.24,-2.01,-95.8,0.145,0.15,Am
44471,9,3,37.56,47,9,24,3.57,7.71,-37.37,-55.39,0.007,0.03,A1Vn
44700,9,6,31.79,38,27,8.1,4.56,4.81,-28.37,-14.34,1.037,0.97,G8Ib-II
44816,9,7,59.78,-43,25,57.4,2.23,5.69,-23.21,14.28,1.665,1.69,K4Ib-II
45080,9,10,58.11,-58,58,0.9,3.43,7.79,-17.67,14.14,-0.19,-0.17,B2IV
45238,9,13,12.24,-69,43,2.9,1.67,29.34,-157.66,108.91,0.07,0.02,A2IV
45336,9,14,21.79,2,18,54.1,3.89,25.34,112.57,-306.07,-0.06,-0.07,B9.5V
45556,9,17,5.43,-59,16,30.9,2.21,4.71,-19.03,13.11,0.189,0.28,A8Ib
45688,9,18,50.67,36,48,10.4,3.82,26.75,-32.61,-123.78,0.066,0.12,A1V
45860,9,21,3.46,34,23,33.1,3.14,14.69,-222.8,14.78,1.55,1.65,M0IIIvar
45941,9,22,6.83,-55,0,38.5,2.47,6.05,-10.72,11.24,-0.141,-0.17,B2IV
46390,9,27,35.25,-8,39,31.3,1.99,18.4,-14.49,33.25,1.44,1.39,K3III
46509,9,29,8.84,-2,46,8.2,4.59,58.48,100.93,-3.15,0.411,0.52,F6V
46651,9,30,42.11,-40,28,0.8,3.6,53.89,-147.14,48.65,0.371,0.43,F2IV
46733,9,31,31.57,63,3,42.5,3.65,43.2,107.55,26.86,0.36,0.41,F0IV
46776,9,31,58.93,-1,11,4.8,4.54,7.11,-11.42,-3.87,0.109,0.16,A3V
46853,9,32,52.33,51,40,43,3.17,74.15,-947.06,-535.6,0.475,0.56,F6IV
46952,9,34,13.38,36,23,51.4,4.54,18.52,6.82,-22.89,0.914,0.91,G8III
47908,9,45,51.1,23,46,27.4,2.97,13.01,-46.09,-9.57,0.808,0.81,G0II
48319,9,50,59.69,59,2,20.8,3.78,28.35,-294.45,-151.75,0.291,0.39,F0IV
48356,9,51,28.68,-14,50,47.6,4.11,11.92,18.68,-21.88,0.918,0.92,G6/G8III
48402,9,52,6.36,54,3,51.4,4.55,7.47,-4.21,19.18,0.038,0.09,A3IV
48455,9,52,45.96,26,0,25.5,3.88,24.52,-216.29,-54.92,1.222,1.13,K0III
48774,9,56,51.75,-54,34,4.1,3.52,1.69,-13.13,2.83,-0.067,-0.04,B5Ib
48926,9,58,52.34,-35,53,27.4,5.23,30.67,-89.59,-16.27,0.3,0.34,A8IV
49583,10,7,19.95,16,45,45.6,3.48,1.53,-1.94,-0.53,-0.031,0.06,A0Ib
49593,10,7,25.73,35,14,40.9,4.49,35.78,50.97,0.64,0.19,0.19,A7V
49641,10,7,56.3,0,22,17.9,4.48,11.35,-26.17,-3.65,-0.032,-0.01,A0III
49669,10,8,22.46,11,58,1.9,1.36,42.09,-249.4,4.91,-0.087,-0.1,B7V
49841,10,10,35.4,-12,21,13.8,3.61,28.44,-200.33,-100.28,1.007,0.96,K0III
50099,10,13,44.28,-70,2,16.5,3.29,8.81,-35.73,7.55,-0.074,-0.03,B8III
50191,10,14,44.27,-42,7,19.4,3.85,31.72,-150.68,49.84,0.051,0.03,A2V
50335,10,16,41.4,23,25,2.4,3.43,12.56,19.84,-7.3,0.307,0.39,F0III
50371,10,17,5.01,-61,19,56.4,3.39,4.43,-24.25,6.38,1.541,1.45,K3II
50372,10,17,5.93,42,54,52.1,3.45,24.27,-170.11,-42.64,0.029,0.05,A2IV
50583,10,19,58.16,19,50,30.7,2.01,25.96,310.77,-152.88,1.128,1.17,K0III
50801,10,22,19.8,41,29,58,3.06,13.11,-80.47,34.1,1.603,1.77,M0III SB
51069,10,26,5.51,-16,50,9.9,3.83,13.14,-128.51,-80.06,1.456,1.47,K4III
51172,10,27,9.16,-31,4,4.1,4.28,8.9,-80.42,9.63,1.429,1.47,K4III
51232,10,27,52.75,-58,44,21.9,3.81,3.13,-13.25,2.21,0.317,0.41,F2II
51233,10,27,53.09,36,42,26.9,4.2,22.34,-127.52,-109.62,0.908,0.89,G8III-IV
51437,10,30,17.5,0,38,13.1,5.08,9.46,-40.12,-22.17,-0.138,-0.13,B6V
51839,10,35,28.22,-78,36,28.1,4.11,7.89,-38,11.53,1.58,1.71,M0III
51986,10,37,18.26,-48,13,32.2,3.84,37.71,-131.48,-1.58,0.3,0.35,A3m+...
52419,10,42,57.43,-64,23,40.1,2.74,7.43,-18.87,12.06,-0.22,-0.24,B0Vp
52468,10,43,32.31,-60,33,59.9,4.58,3.06,-15.22,3.12,1.7,1.79,K3Ib
52727,10,46,46.12,-49,25,12.5,2.69,28.18,62.55,-53.57,0.901,0.91,G5III SB
52943,10,49,37.43,-16,11,38.9,3.11,23.54,92.77,199.02,1.232,1.22,K0/K1III
53229,10,53,18.64,34,12,56,3.79,33.4,92.47,-286.06,1.04,1.07,K0III-IV
53253,10,53,29.57,-58,51,11.8,3.78,33.71,79.75,38.65,0.945,0.96,K0III-IV...
53740,10,59,46.75,-18,17,56.8,4.08,18.71,-462.39,129.11,1.079,1.06,K1III
53910,11,1,50.39,56,22,56.4,2.34,41.07,81.66,33.74,0.033,0.02,A1V
54061,11,3,43.84,61,45,4,1.81,26.38,-136.46,-35.25,1.061,1.03,F7V comp
54463,11,8,35.4,-58,58,30.2,3.93,0.55,-5.03,2.09,1.225,1.19,G0Ia0
54539,11,9,39.86,44,29,54.8,3,22.21,-62.35,-27.38,1.144,1.09,K1III
54682,11,11,39.49,-22,49,32.2,4.46,12.26,4.73,-99.06,0.025,0.04,A1V
54872,11,14,6.41,20,31,26.5,2.56,56.52,143.31,-130.43,0.128,0.12,A4V
54879,11,14,14.44,15,25,47.1,3.33,18.36,-59.01,-79.37,-0.003,0.01,A2V
55282,11,19,20.52,-14,46,44.6,3.56,16.75,-124.47,206.61,1.112,1.12,K0III
55687,11,24,36.61,-10,51,33.8,4.81,8.95,-24.14,24.46,1.556,1.67,K5III
55705,11,24,52.98,-17,41,2.5,4.06,38.9,-97.01,3.22,0.216,0.24,A9V
56211,11,31,24.29,69,19,52,3.82,9.76,-41.14,-18.79,1.613,1.79,M0IIIvar
56343,11,33,0.26,-31,51,27.1,3.54,25.23,-209.09,-41.6,0.947,0.92,G8III
56480,11,34,45.71,-54,15,50.9,4.62,7.04,-55.55,16.64,-0.077,-0.06,B9V
56561,11,35,46.93,-63,1,11.4,3.11,7.96,-33.84,-6.87,-0.044,-0.01,B9II:
56633,11,36,40.95,-9,48,8.1,4.7,10.7,-59.32,2.82,-0.073,-0.06,B9.5Vn
57283,11,44,45.76,-18,21,2.2,4.71,9.31,27.15,-24.56,0.958,0.94,G8III
57363,11,45,36.57,-66,43,43.8,3.63,25.42,-100.42,33.21,0.16,0.17,A7III
57380,11,45,51.57,6,31,47.3,4.04,10.42,-19.65,-180.02,1.501,1.79,M0III
57399,11,46,3.13,47,46,45.6,3.69,16.64,-138.38,28.37,1.181,1.15,K0III
57632,11,49,3.88,14,34,20.4,2.14,90.16,-499.02,-113.78,0.09,0.1,A3Vvar
57936,11,52,54.56,-33,54,29.3,4.29,8.93,-58.02,2.4,-0.1,-0.07,Ap Si
58001,11,53,49.74,53,41,41,2.41,38.99,107.76,11.16,0.044,0.06,A0V SB
58188,11,56,0.98,-17,9,2.9,5.17,11.42,-49.07,-8.23,-0.022,0,A0V
59196,12,8,21.54,-50,43,20.7,2.58,8.25,-47.53,-6.42,-0.128,-0.12,B2IVne
59199,12,8,24.75,-24,43,43.6,4.02,67.71,100.18,-39.33,0.334,0.4,F0IV/V
59316,12,10,7.53,-22,37,11.3,3.02,10.75,-71.52,10.55,1.326,1.23,K2III
59747,12,15,8.76,-58,44,56,2.79,8.96,-36.68,-10.72,-0.193,-0.25,B2IV
59774,12,15,25.45,57,1,57.4,3.32,40.05,103.56,7.81,0.077,0.03,A3Vvar
59803,12,15,48.47,-17,32,31.1,2.58,19.78,-159.58,22.31,-0.107,-0.1,B8III
60000,12,18,20.94,-79,18,44.2,4.24,12.05,-38.07,12,-0.123,-0.11,B5Vn
60030,12,18,40.3,0,47,13.7,5.9,10,33.51,-16.17,0.168,0.18,A5Vn
60718,12,26,35.94,-63,5,56.6,0.77,10.17,-35.37,-14.73,-0.243,-0.26,B0.5IV
60742,12,26,56.33,28,16,7,4.35,19.18,-83.41,-80.99,1.128,1.04,K2IIICN+...
60823,12,28,2.41,-50,13,50.2,3.91,7.36,-32.49,-12.41,-0.192,-0.2,B3V
60965,12,29,51.98,-16,30,54.3,2.94,37.11,-209.97,-139.3,-0.012,-0.04,B9.5V
61084,12,31,9.93,-57,6,45.2,1.59,37.09,27.94,-264.33,1.6,2.37,M4III
61174,12,32,4.48,-16,11,45.1,4.3,54.92,-424.37,-58.41,0.388,0.44,F2V
61199,12,32,28.11,-72,7,58.7,3.84,10.07,-50.59,-5.16,-0.157,-0.14,B5V
61281,12,33,29.04,69,47,17.6,3.85,6.55,-58.14,11.42,-0.116,-0.02,B6IIIp
61317,12,33,45.09,41,21,24.4,4.24,119.46,-705.06,292.93,0.588,0.67,G0V
61359,12,34,23.23,-23,23,47.8,2.65,23.34,0.86,-56,0.893,0.88,G5II
61585,12,37,11.08,-69,8,7.9,2.69,10.67,-39.87,-12.44,-0.176,-0.23,B2IV-V
61932,12,41,31.2,-48,57,35.6,2.2,25.01,-187.28,-1.2,-0.023,-0.01,A1IV
61941,12,41,40,-1,26,58.3,2.74,84.53,-616.66,60.66,0.368,0.43,F0V+...
62322,12,46,16.87,-68,6,29.1,3.04,10.48,-40.4,-10.32,-0.178,-0.19,B2V
62434,12,47,43.32,-59,41,19.4,1.25,9.25,-48.24,-12.82,-0.238,-0.27,B0.5III
62956,12,54,1.63,55,57,35.4,1.76,40.3,111.74,-8.99,-0.022,-0.04,A0p
63090,12,55,36.48,3,23,51.4,3.39,16.11,-471.44,-52.81,1.571,2.24,M3III
63125,12,56,1.84,38,19,5.7,2.89,29.6,-233.43,54.98,-0.115,-0.13,A0spe...
63608,13,2,10.76,10,57,32.8,2.85,31.9,-275.05,19.96,0.934,0.83,G8IIIvar
64166,13,9,3.28,-23,7,4.7,4.94,14.14,-19.97,-39.9,1.048,1.02,K0III
64241,13,9,59.55,17,31,44.8,4.32,69.81,-445.95,129.69,0.455,0.53,F5V
64394,13,11,52.92,27,52,33.7,4.23,109.23,-801.94,882.7,0.572,0.67,G0V
64962,13,18,55.25,-23,10,17.1,2.99,24.69,68.41,-41.09,0.92,0.9,G8III
65109,13,20,36.07,-36,42,43.5,2.75,55.64,-340.76,-87.98,0.068,0.02,A2V
65378,13,23,55.42,54,55,31.5,2.23,41.73,121.23,-22.01,0.057,0.07,A2V
65474,13,25,11.6,-11,9,40.5,0.98,12.44,-42.5,-31.73,-0.235,-0.25,B1V
65936,13,31,2.67,-39,24,26.2,3.9,2.6,-15.65,-11.25,1.186,1.1,G8II/III
66249,13,34,41.75,0,35,45.4,3.38,44.55,-278.89,48.56,0.114,0.12,A3V
66657,13,39,53.27,-53,27,58.9,2.29,8.68,-14.6,-12.79,-0.171,-0.23,B1III
67301,13,47,32.55,49,18,47.9,1.85,32.39,-121.23,-15.56,-0.099,-0.08,B3V SB
67459,13,49,28.7,15,47,52.1,4.05,13.29,-93.64,40.76,1.52,1.6,K5IIIvar
67464,13,49,30.3,-41,41,15.6,3.41,6.87,-26.01,-20.38,-0.225,-0.24,B2IV
67472,13,49,37.01,-42,28,25.3,3.47,6.19,-23.85,-19.22,-0.17,-0.21,B2IV-Ve
67927,13,54,41.12,18,23,54.9,2.68,88.17,-60.95,-358.1,0.58,0.65,G0IV
68002,13,55,32.43,-47,17,17.8,2.55,8.48,-57.14,-44.75,-0.176,-0.18,B2.5IV
68282,13,58,40.77,-44,48,12.7,3.87,7.81,-27.97,-21.69,-0.208,-0.22,B2IV-V
68520,14,1,38.78,1,32,40.5,4.23,14.94,17.41,-21.2,0.121,0.14,A3V
68702,14,3,49.44,-60,22,22.7,0.61,6.21,-33.96,-25.06,-0.231,-0.25,B1III
68756,14,4,23.43,64,22,32.9,3.67,10.56,-56.52,17.19,-0.049,-0.08,A0III SB
68933,14,6,41.32,-36,22,7.3,2.06,53.52,-519.29,-517.87,1.011,1.01,K0IIIb
69427,14,12,53.74,-10,16,26.6,4.18,14.59,8.04,140.79,1.323,1.35,K3III
69673,14,15,40.35,19,11,14.2,-0.05,88.85,-1093.45,-1999.4,1.239,1.22,K2IIIp
69701,14,16,0.88,-5,59,58.3,4.07,46.74,-25.84,-419.84,0.511,0.59,F7V
70576,14,26,10.8,-45,22,45.3,4.33,10.38,13.55,-6.35,0.434,0.58,A7:+...
70638,14,26,55.74,-83,40,4.3,4.31,11.7,-95.79,-12.91,1.3,1.3,K2III
71053,14,31,49.86,30,22,16.1,3.57,21.92,-100.44,120.22,1.298,1.22,K3III
71075,14,32,4.76,38,18,28.4,3.04,38.29,-115.55,151.87,0.191,0.17,A7IIIvar
71352,14,35,30.45,-42,9,27.9,2.33,10.57,-35.31,-32.44,-0.157,-0.17,B1Vn + A
71536,14,37,53.25,-49,25,32.7,4.05,10.51,-27.78,-29.05,-0.152,-0.16,B5V
71683,14,39,40.9,-60,50,6.5,-0.01,742.12,-3678.19,481.84,0.71,0.69,G2V
71795,14,41,8.92,13,43,42,3.78,18.07,52.36,-12.71,0.044,0.06,A3IVn
71860,14,41,55.77,-47,23,17.3,2.3,5.95,-21.15,-24.22,-0.154,-0.21,B1.5III
71908,14,42,30.69,-64,58,28.5,3.18,60.97,-192.64,-234.07,0.256,0.26,F1Vp
71957,14,43,3.56,-5,39,26.7,3.87,53.54,104.23,-319.9,0.385,0.47,F2III
72105,14,44,59.25,27,4,27,2.35,15.55,-50.65,20,0.966,0.95,A0
72220,14,46,14.99,1,53,34.6,3.73,25.35,-116.04,-21.75,-0.005,0.01,A0V
72370,14,47,51.73,-79,2,41,3.83,7.93,-5.67,-15.75,1.433,1.42,K5III
72607,14,50,42.4,74,9,19.7,2.07,25.79,-32.29,11.91,1.465,1.46,K4IIIvar
72622,14,50,52.78,-16,2,29.8,2.75,42.25,-105.69,-69,0.147,0.16,A3IV
73273,14,58,31.95,-43,8,1.9,2.68,6.23,-34.06,-38.3,-0.184,-0.23,B2III
73334,14,59,9.7,-42,6,14.9,3.13,6.05,-17.76,-21.33,-0.208,-0.21,B2IV
73555,15,1,56.79,40,23,26.3,3.49,14.91,-40.2,-29.22,0.956,0.89,G8III
73714,15,4,4.26,-25,16,54.7,3.25,11.17,-71.85,-44.69,1.674,2.23,M3/M4III
74395,15,12,17.2,-52,5,56.7,3.41,28.06,-113.94,-71,0.918,0.91,G8III
74666,15,15,30.1,33,18,54.4,3.46,27.94,84.84,-110.57,0.961,0.96,G8III
74785,15,17,0.47,-9,22,58.3,2.61,20.38,-96.39,-20.76,-0.071,-0.08,B8V
74824,15,17,30.96,-58,48,3.2,4.07,33.75,-98.39,-135.46,0.088,0.08,A3V
74946,15,18,54.69,-68,40,46.1,2.87,17.85,-66.48,-32,0.014,0.04,A1V
75097,15,20,43.75,71,50,2.3,3,6.79,-18.03,17.68,0.058,0.12,A3II-III
75141,15,21,22.34,-40,38,50.9,3.22,6.39,-19.11,-24.05,-0.227,-0.23,B1.5IV
75177,15,21,48.44,-36,15,40.2,3.57,9.99,-91.85,-86.03,1.534,1.59,K5III
75323,15,23,22.66,-59,19,14.5,4.48,6.4,-10.29,-36.57,0.169,0.18,B5III + F8
75458,15,24,55.78,58,57,57.7,3.29,31.92,-8.27,17.3,1.166,1.07,K2III
75695,15,27,49.85,29,6,19.8,3.66,28.6,-181.39,86.84,0.319,0.37,F0p
76127,15,32,55.8,31,21,33,4.14,10.49,-19.62,-8.94,-0.127,-0.12,B6Vnn
76267,15,34,41.19,26,42,53.7,2.22,43.65,120.38,-89.44,0.032,0.05,A0V
76276,15,34,48.19,10,32,19.9,3.8,15.54,-72.63,3.17,0.268,0.3,F0IV
76297,15,35,8.46,-41,10,0.1,2.8,5.75,-16.05,-25.52,-0.216,-0.22,B2IV
76333,15,35,31.54,-14,47,22.4,3.91,21.42,65.67,6.93,1.007,1.02,K0III
76552,15,38,3.32,-42,34,2.9,4.34,14.19,-147.6,56.35,1.412,1.42,K4.5III
76952,15,42,44.64,26,17,43.9,3.81,22.48,-112.52,50.7,0.02,0.04,A1Vs
77055,15,44,3.46,77,47,40.2,4.29,8.68,20.07,-2.5,0.038,0.05,A3Vn
77070,15,44,16,6,25,31.9,2.63,44.54,134.66,44.14,1.167,1.09,K2III
77233,15,46,11.21,15,25,18.9,3.65,21.31,68.54,-41.31,0.073,0.09,A3V
77450,15,48,44.41,18,8,30.4,4.09,9.36,-51.78,-88.72,1.616,1.73,M1III
77512,15,49,35.7,26,4,6.8,4.59,19.71,-79.85,-63.78,0.794,0.82,G5III-IV
77516,15,49,37.27,-3,25,48.5,3.54,20.94,-98.07,-27.41,-0.036,-0.03,A0V
77622,15,50,48.89,4,28,39.3,3.71,46.39,127.98,61.87,0.147,0.13,A2m
77634,15,50,57.54,-33,37,37.6,3.97,15.86,-5.92,-24.91,-0.045,-0.05,B9.5III-IV
77760,15,52,40.19,42,27,0,4.6,63.08,438.97,629.52,0.563,0.63,F9V
77853,15,53,49.48,-16,43,46.6,4.13,20.02,100.12,135.27,1.003,1.02,K0III
77952,15,55,8.81,-63,25,47.1,2.83,81.24,-188.45,-401.92,0.315,0.36,F2III
78072,15,56,26.99,15,39,53,3.85,89.92,311.2,-1282.17,0.478,0.54,F6V
78159,15,57,35.3,26,52,40.9,4.14,14.2,-76.55,-60.24,1.231,1.17,K3III
78265,15,58,51.12,-26,6,50.6,2.89,7.1,-12,-25.71,-0.18,-0.18,B1V + B2V
78384,16,0,7.34,-38,23,47.9,3.42,6.61,-16.58,-27.06,-0.206,-0.23,B2.5IV
78401,16,0,20.01,-22,37,17.8,2.29,8.12,-8.67,-36.9,-0.117,-0.09,B0.2IV
78493,16,1,26.59,29,51,3.9,4.98,9.29,-38.2,-6.9,-0.05,-0.03,A0p...
78527,16,1,53.7,58,33,52,4.01,47.79,-320.07,334.96,0.528,0.55,F8IV-V
78639,16,3,12.86,-49,13,47,4.65,14.97,41.18,10.39,0.902,0.91,G8III
78820,16,5,26.23,-19,48,19.4,2.56,6.15,-6.75,-24.89,-0.065,-0.04,B0.5V
78970,16,7,16.17,-36,45,19.9,5.72,19.22,52.54,-56.45,0.298,0.34,F0/F2V
79509,16,13,28.73,-54,37,49.5,4.95,7.45,-5.33,-22.48,1.017,0.99,G4III
79822,16,17,30.5,75,45,16.9,4.95,33.52,-89.94,257.8,0.393,0.46,F5V
79882,16,18,19.24,-4,41,33.4,3.23,30.34,82.39,40.08,0.966,0.96,G8III
79992,16,19,44.45,46,18,47.8,3.91,10.37,-13.15,39.31,-0.151,-0.19,B5IV
80000,16,19,50.57,-50,9,19.4,4.01,25.58,-159.36,-52.84,1.08,1.03,G8III
80170,16,21,55.24,19,9,10.9,3.74,16.69,-47.44,44.61,0.299,0.34,A9III
80331,16,23,59.51,61,30,50.7,2.73,37.18,-16.98,56.68,0.91,0.84,G8III
80582,16,27,11.05,-47,33,17,4.46,8.16,-13.72,-20.63,-0.07,-0.04,B4V
80763,16,29,24.47,-26,25,55,1.06,5.4,-10.16,-23.21,1.865,2.9,M1Ib + B2.5V
80816,16,30,13.26,21,29,22.7,2.78,22.07,-98.43,-14.49,0.947,0.94,G8III
81065,16,33,27.46,-78,53,49.1,3.86,20.44,-125.68,-77.59,0.923,0.92,K0IV SB
81126,16,34,6.19,42,26,12.8,4.2,10.79,-9.03,59.8,-0.013,0.02,B9Vvar
81266,16,35,52.96,-28,12,57.5,2.82,7.59,-8.59,-22.5,-0.206,-0.24,B0V
81377,16,37,9.53,-10,34,1.7,2.54,7.12,13.07,25.44,0.038,0.1,O9.5V
81693,16,41,17.48,31,36,6.8,2.81,92.63,-462.58,345.05,0.65,0.7,F9IV
81833,16,42,53.74,38,55,20.9,3.48,29.11,35.58,-84.98,0.916,0.89,G8III-IV
81852,16,43,5.42,-77,30,59.7,4.23,20.69,-282.83,-355.03,1.06,1.04,K0III
82080,16,45,58.16,82,2,14.1,4.21,9.41,19.54,4.67,0.897,0.91,G5IIIvar
82273,16,48,39.87,-69,1,39.5,1.91,7.85,17.85,-32.92,1.447,1.45,K2IIb-IIIa
82363,16,49,47.11,-59,2,28.7,3.77,10.41,39.59,-25.28,1.562,1.67,K5III
82396,16,50,10.24,-34,17,33.4,2.29,49.85,-611.83,-255.87,1.144,1.1,K2IIIb
82514,16,51,52.24,-38,2,50.4,3,3.97,-8.84,-21.6,-0.2,-0.2,B1.5IV + B
82671,16,53,59.73,-42,21,43.3,4.7,-1.13,-0.48,-2.17,0.444,0.71,B1Iae
83000,16,57,40.27,9,22,30.2,3.19,37.99,-293.03,-9.7,1.16,1.1,K2IIIvar
83081,16,58,37.23,-55,59,24.2,3.12,5.68,-18.31,-35.29,1.552,1.6,K5III
83207,17,0,17.41,30,55,34.8,3.92,20.04,-47.68,26.89,-0.018,-0.04,A0V
83895,17,8,47.23,65,42,52.7,3.17,9.6,-20.76,19.15,-0.12,-0.14,B6III
84012,17,10,22.66,-15,43,30.5,2.43,38.77,41.16,97.65,0.059,0.06,A2.5Va
84143,17,12,9.18,-43,14,18.6,3.32,45.56,22.01,-287.41,0.441,0.47,F3p
84379,17,15,1.92,24,50,22.5,3.12,41.55,-21.14,-157.68,0.08,0.06,A3IVv SB
84380,17,15,2.85,36,48,33,3.16,8.89,-27.35,2.7,1.437,1.31,K3IIvar
84606,17,17,40.29,37,17,28.8,4.64,18.34,-42.74,63.76,0.043,0.07,A2V
84880,17,20,49.64,-12,50,48.8,4.32,16.86,42.75,2.72,0.037,0.07,A0/A1V
85112,17,23,40.97,37,8,45.3,4.15,8.12,-38.58,9.19,-0.011,0.01,B9.5III
85258,17,25,18,-55,31,47.4,2.84,5.41,-8.23,-24.71,1.479,1.5,K3Ib-II
85267,17,25,23.66,-56,22,39.7,3.31,2.87,-0.77,-15.85,-0.15,-0.12,B1Ib
85670,17,30,25.98,52,18,4.9,2.79,9.02,-15.59,11.57,0.954,0.93,G2II
85693,17,30,44.3,26,6,38.2,4.41,8.88,18.39,16.78,1.434,1.39,K3IIIvar
85727,17,31,5.98,-60,41,1,3.6,17.42,-53.65,-99.37,-0.104,-0.1,B8V
85755,17,31,24.95,-23,57,45.3,4.78,7.65,4.91,-25.9,0.016,0.08,A0V
85792,17,31,50.52,-49,52,33.5,2.84,13.46,-31.27,-67.15,-0.136,-0.15,B2Vne
85822,17,32,12.9,86,35,10.8,4.35,17.85,10.54,53.97,0.021,0.04,A1Vn
85829,17,32,15.88,55,10,22.1,4.86,32.64,143.71,62.46,0.279,0.3,Am
85927,17,33,36.53,-37,6,13.5,1.62,4.64,-8.9,-29.95,-0.231,-0.24,B1.5IV+...
86032,17,34,56,12,33,38.1,2.08,69.84,110.08,-222.61,0.155,0.17,A5III
86228,17,37,19.13,-42,59,52.2,1.86,11.99,6.06,-0.95,0.406,0.48,F1II
86263,17,37,35.23,-15,23,54.3,3.54,30.93,-39.3,-61.27,0.262,0.29,F0IIIp
86414,17,39,27.89,46,0,22.8,3.82,6.58,-7.17,3.97,-0.179,-0.21,B3V SB
86565,17,41,24.92,-12,52,30.6,4.24,19.41,-72.16,-55.22,0.086,0.1,A2Va
86670,17,42,29.28,-39,1,47.7,2.39,7.03,-6.49,-25.55,-0.171,-0.22,B1.5III
86742,17,43,28.38,4,34,0.9,2.76,39.78,-40.67,158.8,1.168,1.1,K2III
86929,17,45,44,-64,43,25.4,3.61,8.79,-11.08,-56.37,1.161,1.09,K1III
86974,17,46,27.72,27,43,21,3.42,119.05,-291.42,-750,0.75,0.71,G5IV
87072,17,47,33.63,-27,49,50.7,4.53,3.03,-3.62,-10.67,0.6,0.76,F7II
87073,17,47,35.08,-40,7,37.1,2.99,1.82,0.44,-6.4,0.509,0.64,F3Ia
87585,17,53,31.63,56,52,20.8,3.73,29.26,93.65,78.44,1.177,1.11,K2III
87808,17,56,15.18,37,15,1.9,3.86,4.87,2.74,7.24,1.35,1.17,K1IIvar
87833,17,56,36.38,51,29,20.2,2.24,22.1,-8.52,-23.05,1.521,1.54,K5III
87933,17,57,45.83,29,14,52.5,3.7,24.12,82.33,-18.73,0.935,0.89,K0III
88635,18,5,48.52,-30,25,25.1,2.98,33.94,-55.75,-181.53,0.981,0.99,K0III
88714,18,6,37.88,-50,5,29.2,3.65,3.22,-8.43,-9.26,-0.101,-0.06,B2Ib
88794,18,7,32.55,28,45,44.9,3.84,9.39,-0.17,7.51,-0.018,-0.02,B9.5V
88866,18,8,34.79,-63,40,5,4.33,23.55,17.45,-207.64,0.228,0.23,Am
89341,18,13,45.81,-21,3,31.8,3.84,0.11,1.72,-1.39,0.195,0.21,B2III:
89642,18,17,37.73,-36,45,40.6,3.1,21.87,-129.27,-166.61,1.582,2.24,M2III
89931,18,20,59.62,-29,49,40.9,2.72,10.67,29.96,-26.38,1.38,1.35,K3III
89937,18,21,2.34,72,44,1.3,3.55,124.11,531.08,-351.59,0.489,0.62,F7Vvar
89962,18,21,18.92,-2,53,49.6,3.23,52.81,-547.57,-700.72,0.941,0.96,K0III-IV
90098,18,23,13.62,-61,29,38.1,4.35,7.76,0.53,1.7,1.462,1.5,M1III SB
90185,18,24,10.35,-34,23,3.5,1.79,22.55,-39.61,-124.05,-0.031,0.01,B9.5III
90422,18,26,58.43,-45,58,6,3.49,13.08,-16.68,-53.33,-0.179,-0.18,B3IV
90496,18,27,58.27,-25,25,16.5,2.82,42.2,-44.81,-186.29,1.025,1.04,K1IIIb
90568,18,28,49.74,-49,4,12.1,4.1,25.6,137.9,-229.14,0.995,1.02,G8/K0III
90595,18,29,11.85,-14,33,56.9,4.67,11.19,3.07,-3.48,0.076,0.1,A1IV/V
90887,18,32,21.31,-39,42,14.1,5.16,14.83,31.98,-37.62,0.079,0.09,A3V
91117,18,35,12.44,-8,14,35.9,3.85,18.72,-18.98,-314.63,1.317,1.28,K2III
91262,18,36,56.19,38,46,58.8,0.03,128.93,201.02,287.46,-0.001,-0.01,A0Vvar
91792,18,43,2.13,-71,25,39.8,4.01,15.55,1.25,-158.29,1.134,1.14,K2III
91875,18,43,46.94,-38,19,23.9,5.11,16.15,1.12,-53.81,0.075,0.09,A0/A1V
91971,18,44,46.34,37,36,18.2,4.34,21.23,29.26,26.57,0.192,0.18,Am
92041,18,45,39.35,-26,59,26.8,3.17,14.14,51.15,0.45,-0.107,-0.1,B8.5III
92175,18,47,10.48,-4,44,52.2,4.22,4.73,-7.71,-15.89,1.087,1.09,G5II...
92202,18,47,28.98,-5,42,18.3,5.38,2.32,-44.09,-31.36,1.28,1.42,K0Ibpvar
92420,18,50,4.79,33,21,45.6,3.52,3.7,1.1,-4.46,0.003,0.02,A8:V comp SB
92609,18,52,13.04,-62,11,15.2,4.22,1.8,-1.33,-13.53,-0.15,-0.14,B2II-III
92791,18,54,30.29,36,53,55,4.22,3.63,-6.73,3.26,1.575,2.6,M4IIvar
92814,18,54,43.12,-15,36,10.9,5.08,1.96,-2.38,-5.64,0.141,0.16,B3II
92855,18,55,15.92,-26,17,47.7,2.05,14.54,13.87,-52.65,-0.134,-0.13,B2.5V
92946,18,56,13.16,4,12,12.7,4.62,24.73,37.69,26.98,0.161,0.2,A5V
92953,18,56,16.97,-42,42,38.2,5.35,10.52,-27.03,-30.48,0.998,0.98,G6III-IV
92989,18,56,40.49,-37,20,35.5,5.36,7.67,8.79,-23.68,-0.147,-0.14,B3V
93015,18,56,57.04,-67,14,0.7,4.4,6,-7.83,16.65,0.53,0.59,F5Ib-II:
93085,18,57,43.78,-21,6,23.8,3.52,8.76,34.91,-12.33,1.151,1.09,G8/K0II/III
93174,18,58,43.47,-37,6,25.5,4.83,33.43,-132.25,-110.45,0.396,0.44,F3IV/V
93194,18,58,56.62,32,41,22.4,3.25,5.14,-2.76,1.77,-0.049,-0.03,B9III
93244,18,59,37.39,15,4,6.5,4.02,21.22,-52.68,-73.81,1.082,1,K2III
93506,19,2,36.72,-29,52,48.4,2.6,36.61,-14.1,3.66,0.062,0.06,A3IV
93542,19,3,6.83,-42,5,42,4.74,17.75,55.74,-45.33,-0.027,-0.02,A0Vn
93683,19,4,40.93,-21,44,28.9,3.76,23.49,76.26,-58.08,1.012,0.98,K0III
93747,19,5,24.61,13,51,49.4,2.99,39.18,-7.04,-95.31,0.014,-0.01,A0Vn
93805,19,6,14.95,-4,52,56.4,3.43,26.05,-19.68,-90.37,-0.096,-0.09,B9Vn
93825,19,6,25.04,-37,3,45.9,4.23,55.89,96.93,-279.67,0.523,0.59,F7IV-V
93864,19,6,56.44,-27,40,11.3,3.32,27.09,-50.79,-250.51,1.169,1.15,K1/K2III
94005,19,8,20.93,-40,29,47.9,4.57,18.67,48.05,-26.84,1.07,1.06,K1III
94114,19,9,28.28,-37,54,15.3,4.11,25.15,85.73,-96.65,0.042,0.03,A0/A1V
94160,19,10,1.75,-39,20,26.5,4.1,6.42,5.89,-36.78,1.163,1.11,K0II/IIICN.
94376,19,12,33.15,67,39,40.7,3.07,32.54,94.49,92.3,0.99,0.94,G9III
94779,19,17,6.11,53,22,5.4,3.8,26.48,60.22,122.93,0.95,0.85,K0III
94820,19,17,38.09,-18,57,10.4,4.88,6.09,-10.05,-10.64,1.013,0.99,K0III
95168,19,21,40.38,-17,50,50.1,3.92,26.79,-26.95,22.24,0.228,0.25,F0III/IV
95294,19,23,13.06,-44,47,58.7,4.27,23.52,92.78,-53.73,0.35,0.42,F2III
95347,19,23,53.15,-40,36,56.3,3.96,19.2,32.67,-120.81,-0.105,-0.1,B8V
95501,19,25,29.75,3,6,52.5,3.36,65.05,253.06,80.67,0.319,0.38,F0IV
95771,19,28,42.41,24,39,54.6,4.44,11,-126.45,-106.99,1.502,1.68,M0 comp
95853,19,29,42.34,51,43,46.1,3.76,26.63,20.92,128.12,0.148,0.18,A5Vn
95947,19,30,43.29,27,57,34.9,3.05,8.46,-7.09,-5.63,1.088,1.05,K3II+...
96406,19,36,1.65,-24,43,8.5,5.64,11.23,6.08,-26.37,0.185,0.16,A1m...
96757,19,40,5.78,18,0,50.2,4.39,6.89,15.09,-19.72,0.777,0.77,G0II
96837,19,41,2.93,17,28,34,4.39,6.99,9.06,-33.9,1.041,0.96,G8II
97165,19,44,58.44,45,7,50.5,2.86,19.07,43.22,48.44,-0.002,-0.02,B9.5III
97278,19,46,15.57,10,36,47.8,2.72,7.08,15.72,-3.08,1.507,1.44,K3II
97365,19,47,23.27,18,32,3.3,3.68,7.28,-4.58,11.1,1.313,1.27,M2II + B6
97433,19,48,10.21,70,16,4.2,3.84,22.4,80.18,39.02,0.888,0.88,G8III
97649,19,50,46.68,8,52,2.6,0.76,194.44,536.82,385.54,0.221,0.27,A7IV-V
97804,19,52,28.36,1,0,20.4,3.87,2.78,6.94,-7.3,0.63,0.73,F6Ibv SB
98032,19,55,15.68,-41,52,6.3,4.12,17.24,23.37,51.6,1.063,1.09,K0III
98036,19,55,18.77,6,24,28.6,3.71,72.95,46.35,-481.32,0.855,0.89,G8IVvar
98110,19,56,18.4,35,5,0.6,3.89,23.4,-34,-27.6,1.019,0.98,K0IIIvar
98337,19,58,45.39,19,29,31.5,3.51,11.9,64.37,22.58,1.571,1.65,K5III
98412,19,59,44.17,-35,16,34.5,4.37,5.28,6.02,-25.15,-0.15,-0.15,B2.5IV
98495,20,0,35.39,-72,54,36.7,3.97,30.73,80.54,-131.34,-0.032,-0.04,A0V
98543,20,1,6.01,27,45,12.8,4.66,14.67,57.99,3.76,0.184,0.19,A4III
98688,20,2,39.46,-27,42,35.6,4.43,7.28,32.28,14.35,1.64,2.5,M4III
98920,20,5,9.47,19,59,27.2,5.09,20.17,30.61,79.65,1.058,1.1,K2III
99240,20,8,41.86,-66,10,45.6,3.55,163.73,1210.29,-1130.34,0.751,0.76,G5IV-Vvar
99473,20,11,18.26,0,49,17.3,3.24,11.36,35.48,6.05,-0.066,-0.06,B9.5III
100064,20,18,3.22,-12,32,41.5,3.58,30.01,61.78,2.85,0.883,0.92,G6/G8III
100345,20,21,0.65,-14,46,53,3.05,9.48,48.42,14,0.79,0.9,A5:n
100453,20,22,13.7,40,15,24.1,2.23,2.14,2.43,-0.93,0.673,0.65,F8Ib
100751,20,25,38.85,-56,44,5.6,1.94,17.8,7.71,-86.15,-0.118,-0.1,B2IV
101421,20,33,12.76,11,18,12,4.03,9.09,10.75,-28.54,-0.123,-0.1,B6III
101769,20,37,32.87,14,35,42.7,3.64,33.49,118.28,-47.65,0.425,0.5,F5IV
101772,20,37,33.99,-47,17,30,3.11,32.21,49.2,66.07,0.998,0.98,K0III
101958,20,39,38.25,15,54,43.4,3.77,13.55,54.14,7.91,-0.057,-0.01,B9V
102098,20,41,25.91,45,16,49.2,1.25,1.01,1.56,1.55,0.092,0.16,A2Ia
102281,20,43,27.55,15,4,28.9,4.43,16.03,-19.61,-41.74,0.302,0.34,A7IIIp d Del
102395,20,44,57.56,-66,12,11.7,3.42,23.71,-42.4,10.57,0.163,0.2,A5IV
102485,20,46,5.77,-25,16,13.9,4.13,68.16,-51.38,-156.66,0.426,0.49,F5V
102488,20,46,12.43,33,58,10,2.48,45.26,356.16,330.28,1.021,1,K0III
102532,20,46,39.52,16,7,29.2,4.27,32.14,-25.88,-196.27,1.042,1.03,K1IV
102618,20,47,40.53,-9,29,44.5,3.78,14.21,31.89,-35.32,0,-0.01,A1V
102831,20,49,58.08,-33,46,46.8,4.89,8.57,3.71,-20.19,1.004,0.97,G8III
102978,20,51,49.3,-26,55,8.9,4.12,5.19,-7.97,-2.54,1.633,1.76,K4III
103227,20,54,48.58,-58,27,14.7,3.67,5.41,21.06,-24.75,1.25,1.11,K0III
103738,21,1,17.46,-32,15,28,4.67,14.59,-2.09,-0.19,0.89,0.9,G8III
104139,21,5,56.78,-17,13,57.8,4.08,20.61,79.64,-61.64,-0.01,0,A1V
104521,21,10,20.47,10,7,55,4.7,28.38,49.07,-151.85,0.262,0.26,F0p
104732,21,12,56.18,30,13,37.5,3.21,21.62,6.87,-68.12,0.99,0.97,G8II SB
104858,21,14,28.79,10,0,27.8,4.47,54.11,42.32,-303.43,0.529,0.57,F5V+...
104987,21,15,49.4,5,14,53.1,3.92,17.51,59.63,-94.33,0.549,0.62,G0III+...
105140,21,17,56.25,-32,10,20.9,4.71,19.76,55.46,-22.12,0.07,0.09,A0V
105199,21,18,34.58,62,35,7.6,2.45,66.84,149.91,48.27,0.257,0.26,A7IV-V
105319,21,19,51.88,-53,26,57.4,4.39,33.58,107.37,-67.12,0.191,0.21,A5V
105515,21,22,14.78,-16,50,4.4,4.28,15.13,30.83,5.26,0.888,0.89,G8III
105570,21,22,53.58,6,48,40,5.16,9.06,52.66,11.15,0.064,0.07,A3V
105858,21,26,26.49,-65,22,5.3,4.21,108.5,81.08,800.68,0.494,0.61,F6V
105881,21,26,40.03,-22,24,41,3.77,8.19,-2.61,18.88,1.002,0.88,G4Ibp...
106032,21,28,39.58,70,33,38.5,3.23,5.48,12.6,8.73,-0.201,-0.25,B2IIIv SB
106278,21,31,33.52,-5,34,16.2,2.9,5.33,22.79,-6.7,0.828,0.82,G0Ib
106985,21,40,5.34,-16,39,44.1,3.69,23.48,187.39,-22.33,0.32,0.32,A7III:mp...
107089,21,41,28.47,-77,23,22.1,3.73,47.22,64.83,-240.38,1.008,0.98,K0III
107310,21,44,8.4,28,44,35.6,4.49,44.64,260.33,-242.73,0.512,0.58,F6V
107315,21,44,11.14,9,52,30,2.38,4.85,30.02,1.38,1.52,1.42,K2Ibvar
107354,21,44,38.7,25,38,42,4.14,28.34,46.66,13.47,0.425,0.48,F5IV
107556,21,47,2.29,-16,7,35.6,2.85,84.58,263.26,-296.23,0.18,0.35,A5mF2 (IV)
107608,21,47,44.17,-30,53,53.9,5.02,9.63,-34.53,0.64,0.042,0.06,A1V
108085,21,53,55.65,-37,21,53.4,3,16.07,95.88,-12.1,-0.084,-0.1,B8III
108661,22,0,50.22,-28,27,13.5,5.43,3.22,14.81,0.3,-0.095,-0.08,B8/B9V+...
109074,22,5,47.03,0,19,11.4,2.95,4.3,17.9,-9.93,0.969,0.92,G2Ib
109111,22,6,6.9,-39,32,35,4.47,13.2,-24.16,-125.17,1.349,1.31,M0III
109139,22,6,26.21,-13,52,10.3,4.29,18.9,40.45,-57.16,-0.075,-0.06,B8V
109176,22,7,0.47,25,20,42.2,3.77,85.06,296.73,26.93,0.435,0.51,F5V
109268,22,8,13.88,-46,57,38.2,1.73,32.16,127.6,-147.91,-0.07,-0.05,B7IV
109352,22,9,13.68,33,10,21,5.58,11.51,-60,-65.86,0.985,0.97,G6III:
109422,22,10,8.48,-32,32,54.4,4.94,53.36,428.62,13.83,0.489,0.54,F6V
109427,22,10,11.82,6,11,52,3.52,33.77,281.96,31.23,0.086,0.09,A2V
109492,22,10,51.26,58,12,4.5,3.39,4.49,13.35,4.49,1.558,1.58,K1Ibv SB
109937,22,15,58.17,37,44,55.4,4.14,5.2,8.74,0.76,1.447,1.33,K3III
110003,22,16,49.97,-7,46,59.7,4.17,17.04,118.95,-21.91,0.979,0.95,G8III-IV
110130,22,18,30.18,-60,15,34.2,2.87,16.42,-71.48,-38.15,1.39,1.37,K3III
110395,22,21,39.3,-1,23,14.5,3.86,20.67,129.24,8.9,-0.057,-0.06,A0V
110538,22,23,33.64,52,13,46.2,4.42,19.21,-13.56,-186.37,1.015,1.03,G9III
110609,22,24,31,49,28,35,4.55,1.54,-5.12,-3.37,0.092,0.18,B9Iab
110960,22,28,49.8,0,1,12.2,3.65,31.53,191.32,37.47,0.406,0.5,F3III-IV
110997,22,29,16.15,-43,29,44,3.97,11.03,25.62,-4.23,1.022,0.98,G6/G8III
111022,22,29,31.82,47,42,24.8,4.34,2.8,-0.6,-3.37,1.679,1.9,M0II
111104,22,30,29.26,43,7,24.2,4.52,2.38,-2.05,-5.76,-0.086,-0.09,B2IV
111123,22,30,38.82,-10,40,40.4,4.82,12.29,1.79,-26.26,-0.053,-0.04,A0IVs
111169,22,31,17.38,50,16,56.8,3.76,31.86,137.22,17.15,0.031,0.05,A1V
111188,22,31,30.29,-32,20,45.7,4.29,21.99,59.64,-18.7,0.011,0.03,A1V
111497,22,35,21.33,0,7,2.5,4.04,17.77,88.56,-56.1,-0.083,-0.07,B9IV-Vn
111954,22,40,39.33,-27,2,37,4.18,4.38,22.01,-0.88,-0.105,-0.07,B8V
112029,22,41,27.67,10,49,53,3.41,15.64,77.38,-10.98,-0.086,-0.06,B8.5V
112122,22,42,39.93,-46,53,4.4,2.07,19.17,135.68,-4.51,1.61,2.6,M5III
112158,22,43,0.13,30,13,16.7,2.93,15.18,13.11,-26.11,0.852,0.87,G2II-III..
112405,22,46,3.72,-81,22,53.8,4.13,23.23,-55.35,0.88,0.208,0.24,A9IV/V
112440,22,46,31.84,23,33,56.4,3.97,8.26,56.99,-10.46,1.07,0.99,G8II-III
112447,22,46,41.44,12,10,26.7,4.2,61.54,233.06,-492.04,0.502,0.6,F7V
112623,22,48,33.2,-51,19,0.1,3.49,25.16,108.47,-65.93,0.083,0.1,A3V
112716,22,49,35.51,-13,35,33.1,4.05,8.58,-12.58,-38.8,1.57,1.72,K5III
112724,22,49,40.91,66,12,2.6,3.5,28.27,-66.1,-124.74,1.053,1.06,K0III
112748,22,50,0.1,24,36,6.1,3.51,27.95,144.11,-43.44,0.933,0.89,M2III
112961,22,52,36.86,-7,34,46.8,3.73,8.33,19.51,32.71,1.626,2.07,M2IIIvar
113136,22,54,39.04,-15,49,14.7,3.27,20.44,-44.08,-24.81,0.066,0.08,A3V
113246,22,55,56.89,-32,32,22.9,4.2,19.14,10.84,30.32,0.952,0.96,G8III
113368,22,57,38.83,-29,37,18.6,1.17,130.08,329.22,-164.22,0.145,0.16,A3V
113638,23,0,52.87,-52,45,14.8,4.11,28.99,-65.09,-12.91,0.96,1.01,G8III
113881,23,3,46.33,28,4,56.8,2.44,16.37,187.76,137.61,1.655,2.31,M2II-IIIvar
113963,23,4,45.62,15,12,19.3,2.49,23.36,61.1,-42.56,-0.002,0,B9.5III
114131,23,6,52.77,-43,31,13.2,4.28,24.51,-48.35,-13.98,0.423,0.44,F5me...
114341,23,9,26.76,-21,10,20.9,3.68,13.96,55.99,31.25,1.202,1.16,K1III
114421,23,10,21.43,-45,14,47.9,3.88,17.63,132.42,-26.27,0.998,0.95,K0III SB
114855,23,15,53.28,-9,5,15.7,4.24,21.97,368.56,-17.02,1.107,1.06,K0III
114971,23,17,9.49,3,16,56.1,3.7,24.92,760.35,17.96,0.916,0.97,G7III
114996,23,17,25.81,-58,14,9.3,3.99,45.4,-34.93,79.59,0.41,0.5,F1III
115102,23,18,49.43,-32,31,54.6,4.41,18.24,19.65,-78.57,1.109,1.08,K1III
115438,23,22,58.3,-20,6,1.2,3.96,20.14,-120.27,-96.7,1.082,1.1,K0III
115738,23,26,55.91,1,15,21,4.95,20.12,85.6,-94.43,0.036,0.01,A0p
115830,23,27,58.17,6,22,44.8,4.27,20.54,-123.83,-43.26,1.062,1.03,K1III
116231,23,32,58.19,-37,49,6.1,4.38,18.28,96.39,37.58,-0.095,-0.09,B9.5IVMNpe.
116727,23,39,20.98,77,37,55.1,3.21,72.5,-48.85,127.18,1.031,0.99,K1IV
116771,23,39,56.82,5,37,38.5,4.13,72.51,376.32,-437,0.507,0.59,F7V
116928,23,42,2.88,1,46,49.5,4.49,32.38,-129.55,-154.87,0.2,0.22,A7V
118268,23,59,18.6,6,51,48.9,4.03,30.78,148.49,-112.16,0.419,0.49,F4IV
